users,rps,p95_total_latency_ms,p95_ttft_ms,failures
1,5.15,270,21,0
10,51.416666666666664,290,32,0
30,142.5,340,39,0
50,214.68333333333334,410,50,0
75,269.56666666666666,560,69,0
100,294.9166666666667,760,95,0
